S.No.for plant,df,Plant type,Treatment,Dose ,Leaf C:N (ratio),Root C:N (ratio),Leaf_Biomass_Nutrients,Si   (%),Na _(ppm),Mg_ (ppm),Al_(ppm),P_(ppm),K_(ppm),Ca_(ppm),Fe_(ppm),Cl_(ppm),SiO2_(%),Ag_(cps)   ,Cu_(ppm),Mn_(ppm),S_(ppm),Zn_(ppm),Roots_Biomass,Si   (%),Na _(ppm),Mg_ (ppm),Al_(ppm),P_(ppm),K_(ppm),Ca_(ppm),Fe_(ppm),Cl_(ppm),SiO2_(%),Ag_(cps)   ,Cu_(ppm),Mn_(ppm),S_(ppm),Zn_(ppm),P(g/kg) dw soil,NH4(g/kg) dw soil,NO3(g/kg) dw soil
1,A,L,1,UF_100 ,1.107,1.065,,0.148,2366,1284,-112,2671,32253,8555,-401,17717,0.32,352.635,4,471,1849,130,,0.23,1312,1488,72,5373,17511,2549,73,10146,0.49,320.018,7,213,3281,180,1.911,0.608,0.636
2,A,L,1,UF_100 ,1.082,1.095,,0.196,2868,1184,-116,2970,33087,10898,-419,21362,0.42,338.362,5,518,2047,141,,0.221,880,1560,104,4217,13866,3015,0,6773,0.47,460.084,7,257,3182,144,1.882,0.65,0.549
3,A,L,1,UF_100 ,1.073,1.074,,0.301,2928,1032,-52,2507,31959,8919,-300,22554,0.64,272.69,4,440,1919,130,,0.267,2256,1097,43,4169,21125,2332,61,17016,0.57,406.856,7,236,3433,159,1.734,1.551,2.195
4,A,L,1,UF_100 ,1.081,1.112,,0.198,3464,954,-96,2768,32410,10657,-441,24843,0.42,410.102,5,527,2384,157,,0.264,1404,1466,120,4369,14612,2228,-17,10769,0.56,408.447,7,229,3080,156,1.289,-0.01,0.014
5,A,L,2,UF_100 ,1.082,1.163,,0.207,1091,1360,89,973,12753,4189,-263,12455,0.44,243.945,3,315,-52,115,,2.313,1301,1346,476,2447,14551,2457,667,12099,4.95,406.98,7,457,1687,209,1.592,0.372,0.571
6,A,L,2,UF_200,na,na,,NA,NA,NA,NA,NA,NA,NA,NA,NA,NA,NA,NA,NA,NA,NA,,NA,NA,NA,NA,NA,NA,NA,NA,NA,NA,NA,NA,NA,NA,NA,1.868,2.175,2.37
7,A,L,2,UF_200,na,na,,NA,NA,NA,NA,NA,NA,NA,NA,NA,NA,NA,NA,NA,NA,NA,,NA,NA,NA,NA,NA,NA,NA,NA,NA,NA,NA,NA,NA,NA,NA,1.669,0.432,0.284
8,A,L,2,UF_200,na,na,,NA,NA,NA,NA,NA,NA,NA,NA,NA,NA,NA,NA,NA,NA,NA,,NA,NA,NA,NA,NA,NA,NA,NA,NA,NA,NA,NA,NA,NA,NA,1.983,2.028,1.553
9,A,L,2,UF_200,na,na,,NA,NA,NA,NA,NA,NA,NA,NA,NA,NA,NA,NA,NA,NA,NA,,NA,NA,NA,NA,NA,NA,NA,NA,NA,NA,NA,NA,NA,NA,NA,1.973,2.462,2.189
10,A,L,2,UF_200,na,na,,NA,NA,NA,NA,NA,NA,NA,NA,NA,NA,NA,NA,NA,NA,NA,,NA,NA,NA,NA,NA,NA,NA,NA,NA,NA,NA,NA,NA,NA,NA,2.506,0.547,0.517
11,A,L,3,MF_100,1.018,1.28,,0.296,1986,1418,-29,1981,29139,10735,144,14827,0.63,377.502,6,68,3180,81,,0.459,604,1657,296,2305,11039,2226,267,6143,0.98,343.339,7,81,2585,137,1.568,0.28,0.183
12,A,L,3,MF_100,1.014,1.246,,0.225,2014,1381,-13,2000,23559,10471,70,15909,0.48,345.184,5,82,1968,91,,0.431,451,1652,403,2525,8068,2362,273,4117,0.92,415.295,6,53,2135,74,1.759,0.409,0.258
13,A,L,3,MF_100,1.038,1.847,,0.241,2024,1370,-27,1815,24185,9327,64,15661,0.52,441.049,5,98,2543,83,,0.367,-99,1769,353,1237,5071,1072,194,2602,0.78,258.448,5,56,371,84,1.401,0.42,0.194
14,A,L,3,MF_100,1.023,1.426,,0.332,2117,1402,-9,2070,28243,11793,120,16337,0.71,337.707,6,105,3702,176,,0.984,561,1646,359,2574,12456,2056,388,5131,2.1,419.501,7,123,2771,145,1.413,0.138,0.155
15,A,L,3,MF_100,1.03,1.516,,0.282,2238,1285,-65,2088,29728,11181,98,17367,0.6,337.38,5,93,3211,104,,3.05,632,1457,627,1284,7416,3647,1058,9203,6.52,352.017,8,130,3165,292,1.712,0.419,0.155
16,A,L,4,MF_200,1.013,1.256,,0.238,1796,1559,-122,2230,32030,11357,-44,12493,0.51,471.551,6,187,4094,123,,NA,NA,NA,NA,NA,NA,NA,NA,NA,NA,NA,NA,NA,NA,NA,1.74,1.602,1.094
17,A,L,4,MF_200,0.996,1.243,,0.512,291,1694,464,2342,9721,1925,263,2951,1.1,479.201,6,103,1802,91,,NA,NA,NA,NA,NA,NA,NA,NA,NA,NA,NA,NA,NA,NA,NA,1.894,-0.003,0.054
18,A,L,4,MF_200,0.991,1.484,,0.279,2180,1331,-95,2088,32352,11527,1,15934,0.6,456.507,6,185,3135,84,,0.388,427,1665,279,2648,12485,1884,184,3850,0.83,415.509,5,97,2112,85,1.65,0.062,0.14
19,A,L,4,MF_200,1.006,1.454,,0.349,1554,1528,-100,2309,33726,10223,64,12387,0.75,359.313,5,122,2899,96,,0.487,479,1669,348,2840,12748,1935,313,2870,1.04,570.938,9,116,2028,97,1.987,1.087,1.088
20,A,L,4,MF_200,1.012,1.409,,0.3,1689,1540,-103,2019,31377,9468,75,12919,0.64,382.959,6,108,3370,117,,0.858,286,1680,537,2770,10813,2157,433,4045,1.84,319.955,6,164,2235,131,1.593,1.396,1.084
21,A,L,5,C,1.038,1.522,,0.165,2577,1181,9,1941,21774,12798,78,19753,0.35,340.655,5,52,2265,51,,0.267,197,1683,231,2145,4787,1449,198,3573,0.57,279.153,4,33,1229,45,1.38,-0.008,0.054
22,A,L,5,C,1.025,1.491,,0.224,2812,1173,91,2061,16047,9822,119,21729,0.48,404.294,6,55,1941,60,,0.262,483,1644,305,2457,5009,1999,231,4210,0.56,499.081,6,39,1373,50,1.509,-0.001,0.047
23,A,L,5,C,1.048,1.445,,0.293,2183,1538,81,2083,15636,12611,154,16727,0.63,427.279,6,75,2880,92,,0.161,-711,1830,206,313,-703,77,58,623,0.34,97.084,3,20,-1269,44,0.86,1.38,0.231
24,A,L,5,C,1.006,1.632,,0.176,2955,1099,28,2611,21212,10752,78,22397,0.38,391.375,6,61,2631,64,,0.278,44,1716,217,1953,4150,1201,192,3399,0.6,254.494,5,39,925,93,1.71,0.963,0.154
25,A,L,5,C,1.007,1.457,,0.306,2477,1309,71,2174,19512,12296,143,17960,0.66,484.13,6,75,2250,70,,0.28,414,1646,257,2568,6339,1688,218,4570,0.6,433.747,7,42,1256,62,1.586,0.004,0.053
1,B,P,1,UF_100 ,1.189,1.127,,0.728,5376,38,127,2117,16480,4282,34,41675,1.56,322.153,4,139,2782,127,,5.072,-87,1573,978,1083,3208,1371,1979,6003,10.85,416.954,8,232,204,232,1.146,0.666,0.618
2,B,P,1,UF_100 ,1.174,1.33,,0.757,5825,-41,121,2350,16826,4813,-10,44688,1.62,289.484,4,156,3851,106,,4.348,464,1480,1269,1200,5930,1279,1553,8631,9.3,424.577,7,246,329,177,0.805,0.343,0.262
3,B,P,1,UF_100 ,1.199,1.807,,0.677,5525,36,68,2106,23020,4101,-2,42596,1.45,304.291,4,143,3447,80,,5.017,182,1484,824,1347,3552,1358,1872,6982,10.73,548.335,8,211,592,194,0.885,0.004,0.082
4,B,P,1,UF_100 ,1.267,1.509,,0.629,5467,27,72,2500,23501,3782,-8,42364,1.35,243.434,4,146,3159,117,,6.637,-296,1513,1234,640,2873,1077,1736,6400,14.2,418.292,7,187,-200,169,0.929,0.35,0.316
5,B,P,1,UF_100 ,1.354,0.885,,1.771,5061,167,251,1991,18571,4720,330,40370,3.79,319.064,4,190,2923,143,,2.909,570,1454,778,1557,4248,1637,1136,8144,6.22,468.178,9,174,1000,119,0.739,3.105,3.26
6,B,P,2,UF_200,1.271,1.626,,0.775,9472,-1074,197,3816,19169,9706,-134,69401,1.66,316.943,6,373,8588,155,,3.615,721,1363,685,1069,1030,4080,1204,10055,7.73,433.718,11,660,624,222,1.897,0.87,0.739
7,B,P,2,UF_200,1.288,1.534,,0.829,8105,-639,155,3403,17635,10933,-247,61116,1.77,332.622,6,435,7549,184,,7.596,-783,1606,1152,104,219,2323,1687,3835,16.25,352.351,9,499,-562,187,2.05,1.424,0.715
8,B,P,2,UF_200,1.076,1.378,,0.516,2891,902,-60,3376,27929,4602,-113,22383,1.1,346.84,6,220,3010,78,,5.242,-189,1506,1013,428,322,3075,1808,6115,11.21,349.086,12,409,131,268,1.608,0.013,0.084
9,B,P,2,UF_200,1.29,1.648,,0.92,9385,-995,169,3915,18211,12184,-386,69272,1.97,344.437,6,607,9408,209,,4.6,-250,1601,758,907,-125,3095,1347,4015,9.84,408.659,10,764,422,220,1.627,0.881,0.907
10,B,P,2,UF_200,1.091,1.476,,0.652,9044,-1041,153,3910,18640,11698,-202,67126,1.39,336.31,5,373,9516,205,,6.405,1830,954,840,757,1872,5886,2403,20827,13.7,448.26,11,771,300,284,2.316,1.866,0.973
11,B,P,3,MF_100,0.977,1.422,,0.757,5579,157,31,2341,25725,3511,83,42471,1.62,338.773,4,81,5747,70,,2.522,405,1560,568,1223,4768,1702,783,7541,5.39,321.099,7,121,940,176,1.448,0.096,0.16
12,B,P,3,MF_100,1.01,1.728,,0.912,5440,308,56,1566,20342,5364,36,40993,1.95,368.51,4,96,7371,58,,4.38,-77,1639,830,732,3301,1871,1701,4969,9.37,536.099,10,146,624,148,2.068,0.107,0.124
13,B,P,3,MF_100,1.271,1.585,,0.94,4512,527,76,1930,23801,4224,80,34965,2.01,310.924,5,95,7828,51,,5.186,-99,1587,898,820,4920,1836,2305,6298,11.09,342.12,9,214,554,177,1.731,0.097,0.161
14,B,P,3,MF_100,1.23,2.59,,2.655,4524,651,319,1679,16524,8675,822,35314,5.68,374.108,5,180,14797,232,,8.369,-631,1654,1222,-10,674,2097,3839,4658,17.9,550.854,11,225,-482,251,1.424,0.154,0.142
15,B,P,3,MF_100,1.01,1.84,,1.283,4300,721,175,986,15103,5085,204,33353,2.74,370.892,5,92,7356,72,,0.856,339,1667,443,2415,9148,1791,320,4767,1.83,380.111,7,72,1959,100,1.766,0.108,0.116
16,B,P,4,MF_200,1.132,2.015,,0.852,4004,979,4,1791,27867,4759,-46,30676,1.82,332.288,4,195,11566,89,,0.345,578,1745,286,2404,14967,2061,249,4241,0.74,576.096,6,116,2020,97,2.079,0.45,0.094
17,B,P,4,MF_200,0.978,2.649,,1.012,5127,361,5,1919,29530,3708,151,39626,2.16,362.597,5,87,8511,62,,3.7,-51,1618,608,516,1961,2327,1709,4377,7.91,456.021,9,179,673,184,1.823,0.304,0.151
18,B,P,4,MF_200,1.023,2.118,,0.726,4273,647,-19,1735,27754,3325,71,33013,1.55,337.061,4,103,7559,78,,3.159,210,1579,922,690,3869,2302,1973,6167,6.76,431.524,8,157,813,112,1.567,0.352,0.159
19,B,P,4,MF_200,1.111,2.739,,0.797,4539,476,-4,1667,26109,3256,51,34973,1.71,383.5,4,112,7040,60,,5.252,-80,1530,755,227,3287,2265,2528,6535,11.23,355.979,7,154,550,91,1.795,0.592,0.146
20,B,P,4,MF_200,1.103,1.145,,0.165,1587,1596,-74,2242,28494,11561,-61,11905,0.35,322.438,5,163,3508,117,,4.379,113,1609,1588,464,4247,2437,3441,5711,9.37,492.094,8,181,503,94,1.9,0.414,0.142
21,B,P,5,C,1.087,1.194,,1.398,4841,338,129,3456,19304,4373,387,38221,2.99,288.731,5,63,5309,44,,3.273,382,1477,593,1346,4981,1507,804,6880,7,367.742,9,115,1160,153,1.545,0.003,0.045
22,B,P,5,C,1.001,1.479,,1.131,3758,766,121,2885,17254,2644,137,30112,2.42,287.111,4,63,3806,30,,2.368,215,1569,567,1381,4408,1156,993,5367,5.06,446.073,8,79,386,103,1.449,0.885,0.786
23,B,P,5,C,0.953,0.853,,1.442,3889,706,144,3335,18522,3359,242,31042,3.09,357.558,4,101,5655,36,,1.959,412,1534,379,1493,6189,1568,602,6878,4.19,329.794,10,72,1453,202,1.114,-0.004,0.046
24,B,P,5,C,1.098,0.861,,1.606,6864,-153,234,2299,9634,6968,370,53184,3.44,346.316,5,54,5629,62,,4.684,110,1543,746,852,4245,1837,1795,6890,10.02,500.026,10,111,754,197,1.685,0.091,0.187
25,B,P,5,C,1.016,0.978,,1.747,4272,518,243,2860,14256,5165,418,35547,3.74,296.793,5,72,6520,50,,3.608,-22,1634,647,605,3632,2572,800,4074,7.72,413.431,9,332,1553,134,1.431,0.602,0.258
